{
  "system": {
    "wsl_version": "Unknown",
    "filesystem": "Windows FS (via /mnt/)",
    "windows_mount": true,
    "defender_active": "Yes"
  },
  "file_io": {
    "write": 0.011008024215698242,
    "read": 0.009205818176269531,
    "json": 0.024402379989624023
  },
  "subprocess": {
    "echo": 0.006443500518798828,
    "python": 0.0697784423828125
  },
  "git": {
    "status": 0.08768033981323242,
    "add": 0.028437137603759766
  },
  "asyncio": {
    "sleep": [
      [
        0.001,
        0.0011110305786132812
      ],
      [
        0.01,
        0.010258913040161133
      ],
      [
        0.1,
        0.1003117561340332
      ]
    ],
    "gather": 0.0015871524810791016,
    "yield": 0.0010917186737060547
  },
  "workflow_sim": {
    "total": 0.49846386909484863,
    "average": 0.09967985153198242,
    "steps": [
      0.11053586006164551,
      0.10018038749694824,
      0.11226439476013184,
      0.08702635765075684,
      0.08839225769042969
    ]
  }
}